﻿{"cameraMode":{"drawMode":0,"name":"Shaded","section":"Shading Mode"},"sceneLighting":true,"audioPlay":false,"sceneViewState":{"showFog":true,"showMaterialUpdate":false,"showSkybox":true,"showFlares":true,"showImageEffects":true,"showParticleSystems":true},"in2DMode":false,"pivot":{"x":10.02334213256836,"y":-7.693429946899414,"z":-9.337505340576172},"rotation":{"x":-0.29044169187545779,"y":0.5386083722114563,"z":-0.20477154850959779,"w":-0.7639458775520325},"size":40.946136474609378,"orthographic":false}