﻿{"cameraMode":{"drawMode":0,"name":"Shaded","section":"Shading Mode"},"sceneLighting":true,"audioPlay":false,"sceneViewState":{"showFog":true,"showMaterialUpdate":false,"showSkybox":true,"showFlares":true,"showImageEffects":true,"showParticleSystems":true},"in2DMode":false,"pivot":{"x":-0.9986362457275391,"y":-22.541217803955079,"z":12.478172302246094},"rotation":{"x":-0.27772796154022219,"y":-0.18246448040008546,"z":0.053816813975572589,"w":-0.9416356682777405},"size":282.1485290527344,"orthographic":false}