﻿{"cameraMode":{"drawMode":0,"name":"Shaded","section":"Shading Mode"},"sceneLighting":false,"audioPlay":false,"sceneViewState":{"showFog":false,"showMaterialUpdate":false,"showSkybox":false,"showFlares":false,"showImageEffects":false,"showParticleSystems":false},"in2DMode":false,"pivot":{"x":-0.5501832962036133,"y":-0.002973496913909912,"z":0.26044762134552},"rotation":{"x":0.17452353239059449,"y":-0.2679886519908905,"z":0.049430038779973987,"w":0.9461925625801086},"size":1.9455783367156983,"orthographic":false}