﻿{"cameraMode":{"drawMode":0,"name":"Shaded","section":"Shading Mode"},"sceneLighting":false,"audioPlay":false,"sceneViewState":{"showFog":false,"showMaterialUpdate":false,"showSkybox":false,"showFlares":false,"showImageEffects":false,"showParticleSystems":false},"in2DMode":false,"pivot":{"x":0.23140043020248414,"y":0.34039926528930666,"z":-0.5012488961219788},"rotation":{"x":-0.5921595096588135,"y":0.016918979585170747,"z":-0.012437179684638977,"w":-0.8055471181869507},"size":4.046397686004639,"orthographic":false}