﻿{"cameraMode":{"drawMode":0,"name":"Shaded","section":"Shading Mode"},"sceneLighting":true,"audioPlay":false,"sceneViewState":{"showFog":false,"showMaterialUpdate":false,"showSkybox":false,"showFlares":false,"showImageEffects":false,"showParticleSystems":false},"in2DMode":false,"pivot":{"x":-2.729663133621216,"y":-21.095054626464845,"z":10.350214004516602},"rotation":{"x":0.3590697944164276,"y":-0.03219000995159149,"z":0.012392827309668064,"w":0.9326731562614441},"size":48.16603469848633,"orthographic":false}